{"cameraMode":{"drawMode":0,"name":"Shaded","section":"Shading Mode"},"sceneLighting":true,"audioPlay":false,"sceneViewState":{"showFog":true,"showMaterialUpdate":false,"showSkybox":true,"showFlares":true,"showImageEffects":true,"showParticleSystems":true},"in2DMode":false,"pivot":{"x":0.23828125,"y":0.38149604201316836,"z":12.320023536682129},"rotation":{"x":0.03346792235970497,"y":0.8828945159912109,"z":-0.06367848813533783,"w":0.4640282392501831},"size":8.705782890319825,"orthographic":true}