{"cameraMode":{"drawMode":0,"name":"Shaded","section":"Shading Mode"},"sceneLighting":true,"audioPlay":false,"sceneViewState":{"showFog":true,"showMaterialUpdate":false,"showSkybox":true,"showFlares":true,"showImageEffects":true,"showParticleSystems":true},"in2DMode":false,"pivot":{"x":-425.07659912109377,"y":34.97303009033203,"z":79.5977783203125},"rotation":{"x":-0.005680335685610771,"y":0.6864345669746399,"z":-0.005359622649848461,"w":-0.7271580696105957},"size":660.9611206054688,"orthographic":false}