{"cameraMode":{"drawMode":0,"name":"Shaded","section":"Shading Mode"},"sceneLighting":true,"audioPlay":false,"sceneViewState":{"showFog":true,"showMaterialUpdate":false,"showSkybox":true,"showFlares":true,"showImageEffects":true,"showParticleSystems":true},"in2DMode":false,"pivot":{"x":-13.100000381469727,"y":1.3186585903167725,"z":55.0},"rotation":{"x":0.2036140114068985,"y":-0.06457120180130005,"z":0.013521239161491394,"w":0.9768531918525696},"size":8.484591484069825,"orthographic":true}